document_id,term,term_type,frequency,frequency_score,first_position,last_position,distance_from_start,distance_from_end,earliness_score,persistence_score,relevance_score,extended_relevance_score,relevance_class
L0 Introduction,nlp,unigram,9,1.0,0.061404,0.991228,0.061404,0.008772,0.938596,0.929825,0.969298,0.960526,top
L0 Introduction,language,unigram,6,0.666667,0.105263,0.684211,0.105263,0.315789,0.894737,0.578947,0.780702,0.708772,top
L0 Introduction,language model,domain_phrase,6,0.666667,0.175439,0.526316,0.175439,0.473684,0.824561,0.350877,0.745614,0.619298,top
L0 Introduction,exam,unigram,3,0.333333,0.052632,0.877193,0.052632,0.122807,0.947368,0.824561,0.640351,0.664912,top
L0 Introduction,natural,unigram,3,0.333333,0.096491,0.675439,0.096491,0.324561,0.903509,0.578947,0.618421,0.57807,top
L0 Introduction,goals,unigram,2,0.222222,0.008772,0.070175,0.008772,0.929825,0.991228,0.061404,0.606725,0.404678,top
L0 Introduction,streams,unigram,2,0.222222,0.017544,0.236842,0.017544,0.763158,0.982456,0.219298,0.602339,0.449415,top
L0 Introduction,plan,unigram,2,0.222222,0.026316,0.964912,0.026316,0.035088,0.973684,0.938596,0.597953,0.662573,top
L0 Introduction,introduction,unigram,1,0.111111,0.0,0.0,0.0,1.0,1.0,0.0,0.555556,0.344444,top
L0 Introduction,natural language processing,domain_phrase,2,0.222222,0.114035,0.403509,0.114035,0.596491,0.885965,0.289474,0.554094,0.44152,medium
L0 Introduction,lecture,unigram,3,0.333333,0.245614,0.596491,0.245614,0.403509,0.754386,0.350877,0.54386,0.464912,medium
L0 Introduction,course,unigram,1,0.111111,0.035088,0.035088,0.035088,0.964912,0.964912,0.0,0.538012,0.333918,medium
L0 Introduction,llm,unigram,2,0.222222,0.149123,0.184211,0.149123,0.815789,0.850877,0.035088,0.53655,0.354678,medium
L0 Introduction,rationale,unigram,1,0.111111,0.04386,0.04386,0.04386,0.95614,0.95614,0.0,0.533626,0.331287,medium
L0 Introduction,learn,unigram,1,0.111111,0.078947,0.078947,0.078947,0.921053,0.921053,0.0,0.516082,0.32076,medium
L0 Introduction,operate,unigram,1,0.111111,0.087719,0.087719,0.087719,0.912281,0.912281,0.0,0.511696,0.318129,medium
L0 Introduction,processing,unigram,1,0.111111,0.114035,0.114035,0.114035,0.885965,0.885965,0.0,0.498538,0.310234,medium
L0 Introduction,build,unigram,1,0.111111,0.122807,0.122807,0.122807,0.877193,0.877193,0.0,0.494152,0.307602,medium
L0 Introduction,concept,unigram,3,0.333333,0.350877,0.526316,0.350877,0.473684,0.649123,0.175439,0.491228,0.380702,medium
L0 Introduction,technology,unigram,1,0.111111,0.131579,0.131579,0.131579,0.868421,0.868421,0.0,0.489766,0.304971,medium
L1,distance,unigram,40,1.0,0.014433,0.950515,0.014433,0.049485,0.985567,0.936082,0.992784,0.976495,top
L1,edit,unigram,38,0.95,0.012371,0.948454,0.012371,0.051546,0.987629,0.936082,0.968814,0.957113,top
L1,minimum,unigram,21,0.525,0.010309,0.946392,0.010309,0.053608,0.989691,0.936082,0.757345,0.787732,top
L1,alignment,unigram,13,0.325,0.059794,0.993814,0.059794,0.006186,0.940206,0.934021,0.632603,0.692268,top
L1,string,unigram,8,0.2,0.026804,0.715464,0.026804,0.284536,0.973196,0.68866,0.586598,0.578557,top
L1,definition,unigram,2,0.05,0.016495,0.416495,0.016495,0.583505,0.983505,0.4,0.516753,0.435052,top
L1,natural,unigram,1,0.025,0.0,0.0,0.0,1.0,1.0,0.0,0.5125,0.31,top
L1,biology,unigram,3,0.075,0.051546,0.783505,0.051546,0.216495,0.948454,0.731959,0.511727,0.534124,top
L1,language,unigram,1,0.025,0.002062,0.002062,0.002062,0.997938,0.997938,0.0,0.511469,0.309381,top
L1,align,unigram,3,0.075,0.053608,0.575258,0.053608,0.424742,0.946392,0.521649,0.510696,0.470412,top
L1,spell,unigram,2,0.05,0.028866,0.773196,0.028866,0.226804,0.971134,0.74433,0.510567,0.534639,top
L1,processing,unigram,1,0.025,0.004124,0.004124,0.004124,0.995876,0.995876,0.0,0.510438,0.308763,top
L1,correction,unigram,2,0.05,0.030928,0.775258,0.030928,0.224742,0.969072,0.74433,0.509536,0.534021,top
L1,matteo,unigram,1,0.025,0.006186,0.006186,0.006186,0.993814,0.993814,0.0,0.509407,0.308144,top
L1,natural language processing,domain_phrase,1,0.025,0.006186,0.006186,0.006186,0.993814,0.993814,0.0,0.509407,0.308144,top
L1,cristani,unigram,1,0.025,0.008247,0.008247,0.008247,0.991753,0.991753,0.0,0.508376,0.307526,top
L1,machine translation,domain_phrase,2,0.05,0.045361,0.162887,0.045361,0.837113,0.954639,0.117526,0.50232,0.341649,top
L1,computational,unigram,2,0.05,0.049485,0.154639,0.049485,0.845361,0.950515,0.105155,0.500258,0.336701,top
L1,similar,unigram,1,0.025,0.024742,0.024742,0.024742,0.975258,0.975258,0.0,0.500129,0.302577,top
L1,user,unigram,1,0.025,0.03299,0.03299,0.03299,0.96701,0.96701,0.0,0.496005,0.300103,top
L10,pre,unigram,16,1.0,0.004673,0.981308,0.004673,0.018692,0.995327,0.976636,0.997664,0.991589,top
L10,language,unigram,15,0.9375,0.007009,0.984813,0.007009,0.015187,0.992991,0.977804,0.965245,0.966238,top
L10,language model,domain_phrase,14,0.875,0.005841,0.975467,0.005841,0.024533,0.994159,0.969626,0.934579,0.939136,top
L10,lstm,unigram,15,0.9375,0.071262,0.23014,0.071262,0.76986,0.928738,0.158879,0.933119,0.701285,top
L10,bert,unigram,13,0.8125,0.003505,0.977804,0.003505,0.022196,0.996495,0.974299,0.904498,0.916238,top
L10,transformer,unigram,13,0.8125,0.136682,0.719626,0.136682,0.280374,0.863318,0.582944,0.837909,0.758879,top
L10,pre training,domain_phrase,11,0.6875,0.01285,0.900701,0.01285,0.099299,0.98715,0.88785,0.837325,0.8375,top
L10,contextual representation,domain_phrase,10,0.625,0.042056,0.123832,0.042056,0.876168,0.957944,0.081776,0.791472,0.561916,top
L10,word embedding,domain_phrase,8,0.5,0.014019,0.098131,0.014019,0.901869,0.985981,0.084112,0.742991,0.521028,top
L10,context,unigram,8,0.5,0.049065,0.297897,0.049065,0.702103,0.950935,0.248832,0.725467,0.55993,top
L10,contextual,unigram,7,0.4375,0.0,0.126168,0.0,0.873832,1.0,0.126168,0.71875,0.51285,top
L10,sentence,unigram,12,0.75,0.330607,0.648364,0.330607,0.351636,0.669393,0.317757,0.709696,0.596145,top
L10,embedding,unigram,7,0.4375,0.018692,0.59229,0.018692,0.40771,0.981308,0.573598,0.709404,0.641472,top
L10,learning,unigram,5,0.3125,0.022196,0.714953,0.022196,0.285047,0.977804,0.692757,0.645152,0.626168,top
L10,size,unigram,8,0.5,0.219626,0.759346,0.219626,0.240654,0.780374,0.53972,0.640187,0.596028,top
L10,right,unigram,6,0.375,0.10514,0.632009,0.10514,0.367991,0.89486,0.526869,0.63493,0.576519,top
L10,history,unigram,4,0.25,0.011682,0.125,0.011682,0.875,0.988318,0.113318,0.619159,0.430491,top
L10,nlp,unigram,4,0.25,0.016355,0.946262,0.016355,0.053738,0.983645,0.929907,0.616822,0.674065,top
L10,deep,unigram,4,0.25,0.021028,0.179907,0.021028,0.820093,0.978972,0.158879,0.614486,0.441355,top
L10,fine,unigram,5,0.3125,0.08528,0.896028,0.08528,0.103972,0.91472,0.810748,0.61361,0.64264,top
L11,dependency,unigram,44,1.0,0.052977,0.991927,0.052977,0.008073,0.947023,0.938951,0.973512,0.965792,top
L11,parse,unigram,31,0.704545,0.0,0.996468,0.0,0.003532,1.0,0.996468,0.852273,0.880759,top
L11,parser,unigram,34,0.772727,0.205853,0.979818,0.205853,0.020182,0.794147,0.773966,0.783437,0.779525,top
L11,tree,unigram,25,0.568182,0.053481,0.953078,0.053481,0.046922,0.946519,0.899596,0.75735,0.781107,top
L11,sentence,unigram,19,0.431818,0.019173,0.911201,0.019173,0.088799,0.980827,0.892028,0.706323,0.734584,top
L11,grammar,unigram,18,0.409091,0.0333,0.998991,0.0333,0.001009,0.9667,0.965691,0.687896,0.743354,top
L11,structure,unigram,16,0.363636,0.019677,0.688698,0.019677,0.311302,0.980323,0.669021,0.67198,0.640258,top
L11,graph,unigram,17,0.386364,0.050959,0.899596,0.050959,0.100404,0.949041,0.848638,0.667703,0.693849,top
L11,parsing,unigram,14,0.318182,0.04894,0.879415,0.04894,0.120585,0.95106,0.830474,0.634621,0.661733,top
L11,language,unigram,10,0.227273,0.010091,0.981837,0.010091,0.018163,0.989909,0.971746,0.608591,0.679406,top
L11,pos,unigram,10,0.227273,0.0111,0.920787,0.0111,0.079213,0.9889,0.909687,0.608086,0.660485,top
L11,neural,unigram,10,0.227273,0.014632,0.908678,0.014632,0.091322,0.985368,0.894046,0.606321,0.654734,top
L11,det,unigram,14,0.318182,0.111504,0.758325,0.111504,0.241675,0.888496,0.646821,0.603339,0.587868,top
L11,relation,unigram,11,0.25,0.049445,0.957114,0.049445,0.042886,0.950555,0.907669,0.600277,0.657467,top
L11,shift,unigram,21,0.477273,0.311806,0.645308,0.311806,0.354692,0.688194,0.333502,0.582733,0.497418,top
L11,state,unigram,11,0.25,0.090313,0.844097,0.090313,0.155903,0.909687,0.753784,0.579844,0.599041,top
L11,head,unigram,16,0.363636,0.20888,0.957619,0.20888,0.042381,0.79112,0.748739,0.577378,0.607412,top
L11,phrase,unigram,6,0.136364,0.012614,0.215943,0.012614,0.784057,0.987386,0.20333,0.561875,0.41176,top
L11,arc,unigram,21,0.477273,0.354692,0.89001,0.354692,0.10999,0.645308,0.535318,0.56129,0.545097,top
L11,context,unigram,10,0.227273,0.106458,0.751766,0.106458,0.248234,0.893542,0.645308,0.560407,0.552564,top
L12,event,unigram,63,1.0,0.255538,0.96033,0.255538,0.03967,0.744462,0.704791,0.872231,0.834776,top
L12,relation,unigram,21,0.333333,0.042761,0.929418,0.042761,0.070582,0.957239,0.886656,0.645286,0.686502,top
L12,true,unigram,23,0.365079,0.077795,0.227718,0.077795,0.772282,0.922205,0.149923,0.643642,0.46767,top
L12,variable,unigram,17,0.269841,0.019578,0.363215,0.019578,0.636785,0.980422,0.343637,0.625132,0.505154,top
L12,serve,unigram,16,0.253968,0.044307,0.902112,0.044307,0.097888,0.955693,0.857805,0.604831,0.645637,top
L12,knowledge,unigram,13,0.206349,0.009274,0.887172,0.009274,0.112828,0.990726,0.877898,0.598538,0.643127,top
L12,represent,unigram,13,0.206349,0.033488,0.971149,0.033488,0.028851,0.966512,0.937661,0.586431,0.653792,top
L12,restaurant,unigram,12,0.190476,0.035549,0.887687,0.035549,0.112313,0.964451,0.852138,0.577464,0.621167,top
L12,language,unigram,10,0.15873,0.012365,0.949511,0.012365,0.050489,0.987635,0.937146,0.573183,0.640926,top
L12,object,unigram,10,0.15873,0.021123,0.73931,0.021123,0.26069,0.978877,0.718187,0.568804,0.572611,top
L12,predicate,unigram,14,0.222222,0.089645,0.54611,0.089645,0.45389,0.910355,0.456466,0.566289,0.498935,top
L12,set,unigram,10,0.15873,0.032457,0.972694,0.032457,0.027306,0.967543,0.940237,0.563136,0.635826,top
L12,meaning,unigram,8,0.126984,0.002061,0.422463,0.002061,0.577537,0.997939,0.420402,0.562462,0.476296,top
L12,chain,unigram,20,0.31746,0.19526,0.931994,0.19526,0.068006,0.80474,0.736734,0.5611,0.589426,top
L12,like,unigram,11,0.174603,0.053581,0.07728,0.053581,0.92272,0.946419,0.023699,0.560511,0.360877,top
L12,match,unigram,8,0.126984,0.019062,0.464709,0.019062,0.535291,0.980938,0.445647,0.553961,0.478769,top
L12,logical,unigram,6,0.095238,0.000515,0.140649,0.000515,0.859351,0.999485,0.140134,0.547361,0.379981,top
L12,sentence,unigram,6,0.095238,0.001546,0.680577,0.001546,0.319423,0.998454,0.679031,0.546846,0.541341,top
L12,review,unigram,6,0.095238,0.004122,0.134982,0.004122,0.865018,0.995878,0.13086,0.545558,0.376117,top
L12,formula,unigram,11,0.174603,0.088099,0.225142,0.088099,0.774858,0.911901,0.137043,0.543252,0.384524,top
L13,similarity,unigram,58,1.0,0.001291,1.0,0.001291,0.0,0.998709,0.998709,0.999354,0.999225,top
L13,information,unigram,30,0.517241,0.054874,0.969658,0.054874,0.030342,0.945126,0.914784,0.731184,0.764869,top
L13,meaning,unigram,26,0.448276,0.000646,0.996772,0.000646,0.003228,0.999354,0.996127,0.723815,0.777955,top
L13,similar,unigram,30,0.517241,0.169141,0.967076,0.169141,0.032924,0.830859,0.797934,0.67405,0.695534,top
L13,sense,unigram,20,0.344828,0.026469,0.44093,0.026469,0.55907,0.973531,0.414461,0.659179,0.554329,top
L13,sens,unigram,12,0.206897,0.018722,0.689477,0.018722,0.310523,0.981278,0.670755,0.594087,0.578369,top
L13,lemma,unigram,5,0.086207,0.005165,0.031633,0.005165,0.968367,0.994835,0.026469,0.540521,0.340874,top
L13,reminder,unigram,4,0.068966,0.004519,0.938025,0.004519,0.061975,0.995481,0.933505,0.532223,0.606282,top
L13,semantic,unigram,4,0.068966,0.010329,0.578438,0.010329,0.421562,0.989671,0.568108,0.529318,0.49492,top
L13,senses,unigram,3,0.051724,0.002582,0.238218,0.002582,0.761782,0.997418,0.235636,0.524571,0.390606,top
L13,relations,unigram,3,0.051724,0.003873,0.300194,0.003873,0.699806,0.996127,0.29632,0.523925,0.408424,top
L13,wordform,unigram,3,0.051724,0.00581,0.014203,0.00581,0.985797,0.99419,0.008393,0.522957,0.321464,top
L13,institution,unigram,4,0.068966,0.040671,0.085862,0.040671,0.914138,0.959329,0.04519,0.514147,0.328942,top
L13,form,unigram,2,0.034483,0.007747,0.036798,0.007747,0.963202,0.992253,0.029051,0.513368,0.320184,top
L13,relate,unigram,6,0.103448,0.076824,0.881859,0.076824,0.118141,0.923176,0.805036,0.513312,0.559843,top
L13,speech,unigram,2,0.034483,0.009038,0.06133,0.009038,0.93867,0.990962,0.052292,0.512722,0.326769,top
L13,aspect,unigram,3,0.051724,0.029697,0.25694,0.029697,0.74306,0.970303,0.227243,0.511014,0.379954,top
L13,mean,unigram,6,0.103448,0.085216,0.738541,0.085216,0.261459,0.914784,0.653325,0.509116,0.511812,top
L13,share,unigram,3,0.051724,0.036152,0.374435,0.036152,0.625565,0.963848,0.338283,0.507786,0.411329,top
L13,retrieval,unigram,4,0.068966,0.05552,0.914784,0.05552,0.085216,0.94448,0.859264,0.506723,0.56871,top
L14,role,unigram,40,1.0,0.005325,0.988285,0.005325,0.011715,0.994675,0.982961,0.997338,0.993291,top
L14,semantic role,domain_phrase,33,0.825,0.003195,0.964856,0.003195,0.035144,0.996805,0.961661,0.910903,0.91754,top
L14,semantic,unigram,31,0.775,0.00426,0.977636,0.00426,0.022364,0.99574,0.973376,0.88537,0.900735,top
L14,frame,unigram,22,0.55,0.165069,0.982961,0.165069,0.017039,0.834931,0.817891,0.692465,0.715847,top
L14,predicate,unigram,15,0.375,0.020234,0.994675,0.020234,0.005325,0.979766,0.974441,0.677383,0.736262,top
L14,labeling,unigram,14,0.35,0.00639,0.968051,0.00639,0.031949,0.99361,0.961661,0.671805,0.726581,top
L14,verb,unigram,19,0.475,0.182109,0.958466,0.182109,0.041534,0.817891,0.776358,0.646446,0.668275,top
L14,argument,unigram,13,0.325,0.051118,0.959531,0.051118,0.040469,0.948882,0.908413,0.636941,0.687188,top
L14,agent,unigram,10,0.25,0.018104,0.563365,0.018104,0.436635,0.981896,0.545261,0.615948,0.558147,top
L14,event,unigram,9,0.225,0.044728,0.973376,0.044728,0.026624,0.955272,0.928647,0.590136,0.655176,top
L14,specific,unigram,9,0.225,0.058573,0.984026,0.058573,0.015974,0.941427,0.925453,0.583214,0.650064,top
L14,proto,unigram,8,0.2,0.055378,0.98722,0.055378,0.01278,0.944622,0.931842,0.572311,0.642939,top
L14,roles,unigram,7,0.175,0.038339,0.476038,0.038339,0.523962,0.961661,0.4377,0.568331,0.489808,top
L14,propbank,unigram,17,0.425,0.28967,0.986155,0.28967,0.013845,0.71033,0.696486,0.567665,0.592045,top
L14,thematic,unigram,8,0.2,0.092652,0.267306,0.092652,0.732694,0.907348,0.174654,0.553674,0.404601,top
L14,theme,unigram,5,0.125,0.019169,0.224707,0.019169,0.775293,0.980831,0.205538,0.552915,0.405911,top
L14,stock,unigram,5,0.125,0.024494,0.031949,0.024494,0.968051,0.975506,0.007455,0.550253,0.344888,top
L14,buy,unigram,3,0.075,0.023429,0.040469,0.023429,0.959531,0.976571,0.017039,0.525785,0.328083,top
L14,break,unigram,5,0.125,0.074547,0.219382,0.074547,0.780618,0.925453,0.144835,0.525226,0.371086,top
L14,computational,unigram,2,0.05,0.0,0.308839,0.0,0.691161,1.0,0.308839,0.525,0.412652,top
L15,affect,unigram,32,1.0,0.004439,0.972099,0.004439,0.027901,0.995561,0.96766,0.997781,0.988966,top
L15,sentiment,unigram,29,0.90625,0.003805,0.983513,0.003805,0.016487,0.996195,0.979708,0.951223,0.955271,top
L15,emotion,unigram,27,0.84375,0.020926,0.880786,0.020926,0.119214,0.979074,0.85986,0.911412,0.88918,top
L15,lexicon,unigram,26,0.8125,0.051997,0.968928,0.051997,0.031072,0.948003,0.916931,0.880251,0.88448,top
L15,lexicons,unigram,24,0.75,0.003171,0.970831,0.003171,0.029169,0.996829,0.96766,0.873415,0.889347,top
L15,connotation,unigram,24,0.75,0.005073,0.996195,0.005073,0.003805,0.994927,0.991122,0.872464,0.895815,top
L15,negative,unigram,17,0.53125,0.234623,0.98922,0.234623,0.01078,0.765377,0.754597,0.648314,0.668492,top
L15,affective,unigram,9,0.28125,0.008244,0.198478,0.008244,0.801522,0.991756,0.190235,0.636503,0.467097,top
L15,arousal,unigram,15,0.46875,0.235257,0.965758,0.235257,0.034242,0.764743,0.730501,0.616747,0.636073,top
L15,personality,unigram,8,0.25,0.02156,0.218136,0.02156,0.781864,0.97844,0.196576,0.61422,0.452505,top
L15,lexical,unigram,6,0.1875,0.018389,0.820545,0.018389,0.179455,0.981611,0.802156,0.584555,0.61013,top
L15,mood,unigram,6,0.1875,0.022194,0.185162,0.022194,0.814838,0.977806,0.162968,0.582653,0.417232,top
L15,evaluation,unigram,7,0.21875,0.063412,0.822448,0.063412,0.177552,0.936588,0.759036,0.577669,0.596187,top
L15,low,unigram,7,0.21875,0.072289,0.278377,0.072289,0.721623,0.927711,0.206088,0.57323,0.42764,top
L15,valence,unigram,12,0.375,0.233354,0.965124,0.233354,0.034876,0.766646,0.731769,0.570823,0.599524,top
L15,person,unigram,7,0.21875,0.083069,0.221306,0.083069,0.778694,0.916931,0.138237,0.56784,0.40405,top
L15,compute,unigram,5,0.15625,0.023462,0.668358,0.023462,0.331642,0.976538,0.644895,0.566394,0.54893,top
L15,fear,unigram,5,0.15625,0.040583,0.384274,0.040583,0.615726,0.959417,0.343691,0.557833,0.453432,top
L15,intensity,unigram,6,0.1875,0.072923,0.514902,0.072923,0.485098,0.927077,0.441978,0.557288,0.485717,top
L15,linguistic,unigram,4,0.125,0.012682,0.409639,0.012682,0.590361,0.987318,0.396956,0.556159,0.465282,top
L2,processing,unigram,16,0.761905,0.001574,0.828482,0.001574,0.171518,0.998426,0.826908,0.880166,0.852362,top
L2,language,unigram,15,0.714286,0.000787,0.959087,0.000787,0.040913,0.999213,0.958301,0.856749,0.872968,top
L2,token,unigram,21,1.0,0.316286,0.833989,0.316286,0.166011,0.683714,0.517703,0.841857,0.760425,top
L2,regular,unigram,13,0.619048,0.006294,0.278521,0.006294,0.721479,0.993706,0.272227,0.806377,0.627399,top
L2,pattern,unigram,13,0.619048,0.022817,0.246263,0.022817,0.753737,0.977183,0.223446,0.798115,0.607808,top
L2,basic,unigram,11,0.52381,0.003934,0.826908,0.003934,0.173092,0.996066,0.822974,0.759938,0.755236,top
L2,low,unigram,11,0.52381,0.033045,0.848151,0.033045,0.151849,0.966955,0.815106,0.745382,0.744142,top
L2,tokenization,unigram,19,0.904762,0.429583,0.999213,0.429583,0.000787,0.570417,0.56963,0.737589,0.703919,top
L2,expression,unigram,9,0.428571,0.008655,0.531078,0.008655,0.468922,0.991345,0.522423,0.709958,0.625559,top
L2,case,unigram,9,0.428571,0.029898,0.862313,0.029898,0.137687,0.970102,0.832415,0.699337,0.712184,top
L2,woodchuck,unigram,8,0.380952,0.014162,0.069237,0.014162,0.930763,0.985838,0.055075,0.683395,0.464655,top
L2,match,unigram,9,0.428571,0.118017,0.247836,0.118017,0.752164,0.881983,0.129819,0.655277,0.474969,top
L2,matches,unigram,7,0.333333,0.023603,0.200629,0.023603,0.799371,0.976397,0.177026,0.654865,0.47936,top
L2,cat,unigram,11,0.52381,0.217152,0.903226,0.217152,0.096774,0.782848,0.686074,0.653329,0.6502,top
L2,letter,unigram,6,0.285714,0.01967,0.844217,0.01967,0.155783,0.98033,0.824548,0.633022,0.655749,top
L2,type,unigram,8,0.380952,0.120378,0.495673,0.120378,0.504327,0.879622,0.375295,0.630287,0.528856,top
L2,character,unigram,10,0.47619,0.225806,0.732494,0.225806,0.267506,0.774194,0.506688,0.625192,0.574741,top
L2,expressions,unigram,5,0.238095,0.007081,0.171518,0.007081,0.828482,0.992919,0.164437,0.615507,0.442445,top
L2,error,unigram,7,0.333333,0.111723,0.132966,0.111723,0.867034,0.888277,0.021243,0.610805,0.406189,top
L2,disjunction,unigram,4,0.190476,0.018883,0.062943,0.018883,0.937057,0.981117,0.04406,0.585797,0.383744,top
L3,probability,unigram,34,1.0,0.011085,0.972288,0.011085,0.027712,0.988915,0.961203,0.994458,0.985036,top
L3,language,unigram,27,0.794118,0.000792,0.995249,0.000792,0.004751,0.999208,0.994458,0.896663,0.915747,top
L3,gram,unigram,27,0.794118,0.006334,0.835313,0.006334,0.164687,0.993666,0.828979,0.893892,0.86444,top
L3,language model,domain_phrase,26,0.764706,0.006334,0.996041,0.006334,0.003959,0.993666,0.989707,0.879186,0.900894,top
L3,bigram,unigram,25,0.735294,0.131433,0.947743,0.131433,0.052257,0.868567,0.81631,0.801931,0.799581,top
L3,modeling,unigram,17,0.5,0.004751,0.996041,0.004751,0.003959,0.995249,0.991291,0.747625,0.795962,top
L3,sentence,unigram,14,0.411765,0.011876,0.52019,0.011876,0.47981,0.988124,0.508314,0.699944,0.613637,top
L3,count,unigram,15,0.441176,0.098971,0.990499,0.098971,0.009501,0.901029,0.891528,0.671103,0.714238,top
L3,set,unigram,21,0.617647,0.284244,0.890736,0.284244,0.109264,0.715756,0.606492,0.666702,0.643733,top
L3,perplexity,unigram,19,0.558824,0.266825,0.58274,0.266825,0.41726,0.733175,0.315914,0.645999,0.538256,top
L3,estimate,unigram,13,0.382353,0.097387,0.90578,0.097387,0.09422,0.902613,0.808393,0.642483,0.666243,top
L3,see,unigram,8,0.235294,0.02692,0.956453,0.02692,0.043547,0.97308,0.929533,0.604187,0.664901,top
L3,call,unigram,8,0.235294,0.046714,0.621536,0.046714,0.378464,0.953286,0.574822,0.59429,0.55255,top
L3,compute,unigram,6,0.176471,0.034838,0.581948,0.034838,0.418052,0.965162,0.54711,0.570816,0.52427,top
L3,assign,unigram,5,0.147059,0.010293,0.578781,0.010293,0.421219,0.989707,0.568488,0.568383,0.526282,top
L3,unigram,unigram,8,0.235294,0.114806,0.917656,0.114806,0.082344,0.885194,0.80285,0.560244,0.600531,top
L3,datum,unigram,7,0.205882,0.102138,0.791766,0.102138,0.208234,0.897862,0.689628,0.551872,0.5586,top
L3,water,unigram,5,0.147059,0.057007,0.096595,0.057007,0.903405,0.942993,0.039588,0.545026,0.353598,top
L3,intuition,unigram,5,0.147059,0.058591,0.592241,0.058591,0.407759,0.941409,0.53365,0.544234,0.501341,top
L3,let,unigram,5,0.147059,0.059382,0.442597,0.059382,0.557403,0.940618,0.383215,0.543838,0.455973,top
L4,bayes,unigram,57,0.934426,0.002563,0.564242,0.002563,0.435758,0.997437,0.561679,0.965931,0.841505,top
L4,term,unigram,61,1.0,0.19545,0.919577,0.19545,0.080423,0.80455,0.724127,0.902275,0.858603,top
L4,classification,unigram,45,0.737705,0.001922,0.574175,0.001922,0.425825,0.998078,0.572252,0.867891,0.766181,top
L4,naive,unigram,44,0.721311,0.002243,0.563922,0.002243,0.436078,0.997757,0.561679,0.859534,0.756355,top
L4,set,unigram,36,0.590164,0.103172,0.995835,0.103172,0.004165,0.896828,0.892663,0.743496,0.772913,top
L4,text classification,domain_phrase,29,0.47541,0.002563,0.556873,0.002563,0.443127,0.997437,0.55431,0.736423,0.655688,top
L4,query,unigram,59,0.967213,0.602691,0.998078,0.602691,0.001922,0.397309,0.395386,0.682261,0.624694,top
L4,sentiment,unigram,24,0.393443,0.034604,0.568728,0.034604,0.431272,0.965396,0.534124,0.679419,0.607233,top
L4,test,unigram,31,0.508197,0.158603,0.562961,0.158603,0.437039,0.841397,0.404358,0.674797,0.577005,top
L4,frequency,unigram,30,0.491803,0.145787,0.889779,0.145787,0.110221,0.854213,0.743992,0.673008,0.676183,top
L4,class,unigram,24,0.393443,0.103492,0.467478,0.103492,0.532522,0.896508,0.363986,0.644975,0.535525,top
L4,language,unigram,15,0.245902,0.00032,0.946812,0.00032,0.053188,0.99968,0.946492,0.622791,0.682212,top
L4,positive,unigram,15,0.245902,0.017943,0.751041,0.017943,0.248959,0.982057,0.733098,0.613979,0.612907,top
L4,weight,unigram,23,0.377049,0.170458,0.994553,0.170458,0.005447,0.829542,0.824095,0.603295,0.646911,top
L4,negative,unigram,13,0.213115,0.018263,0.572893,0.018263,0.427107,0.981737,0.55463,0.597426,0.546156,top
L4,classifier,unigram,19,0.311475,0.11695,0.57834,0.11695,0.42166,0.88305,0.461391,0.597263,0.527922,top
L4,score,unigram,24,0.393443,0.231016,0.939763,0.231016,0.060237,0.768984,0.708747,0.581213,0.600696,top
L4,evaluation,unigram,12,0.196721,0.044857,0.988145,0.044857,0.011855,0.955143,0.943287,0.575932,0.648218,top
L4,love,unigram,10,0.163934,0.024672,0.399872,0.024672,0.600128,0.975328,0.3752,0.569631,0.470732,top
L4,number,unigram,17,0.278689,0.146748,0.982377,0.146748,0.017623,0.853252,0.83563,0.56597,0.61814,top
L5,regression,unigram,42,0.954545,0.005566,0.988868,0.005566,0.011132,0.994434,0.983302,0.97449,0.975139,top
L5,logistic,unigram,40,0.909091,0.004638,0.987941,0.004638,0.012059,0.995362,0.983302,0.952226,0.957236,top
L5,gradient,unigram,44,1.0,0.102968,0.757885,0.102968,0.242115,0.897032,0.654917,0.948516,0.865584,top
L5,loss,unigram,26,0.590909,0.106679,0.849722,0.106679,0.150278,0.893321,0.743043,0.742115,0.727273,top
L5,descent,unigram,20,0.454545,0.103896,0.758813,0.103896,0.241187,0.896104,0.654917,0.675325,0.647124,top
L5,weight,unigram,19,0.431818,0.101113,0.998145,0.101113,0.001855,0.898887,0.897032,0.665353,0.711503,top
L5,probability,unigram,15,0.340909,0.054731,0.971243,0.054731,0.028757,0.945269,0.916512,0.643089,0.694898,top
L5,function,unigram,20,0.454545,0.193878,0.966605,0.193878,0.033395,0.806122,0.772727,0.630334,0.655473,top
L5,classification,unigram,11,0.25,0.020408,0.296846,0.020408,0.703154,0.979592,0.276438,0.614796,0.476809,top
L5,classifier,unigram,10,0.227273,0.029685,0.221707,0.029685,0.778293,0.970315,0.192022,0.598794,0.43961,top
L5,vector,unigram,21,0.477273,0.282004,0.983302,0.282004,0.016698,0.717996,0.701299,0.597635,0.616698,top
L5,generative,unigram,7,0.159091,0.007421,0.120594,0.007421,0.879406,0.992579,0.113173,0.575835,0.395362,top
L5,discriminative,unigram,7,0.159091,0.008349,0.121521,0.008349,0.878479,0.991651,0.113173,0.575371,0.395083,top
L5,give,unigram,9,0.204545,0.062152,0.509276,0.062152,0.490724,0.937848,0.447124,0.571197,0.49731,top
L5,sentiment,unigram,12,0.272727,0.131725,0.639147,0.131725,0.360853,0.868275,0.507421,0.570501,0.5218,top
L5,class,unigram,9,0.204545,0.07885,0.999072,0.07885,0.000928,0.92115,0.920223,0.562848,0.63423,top
L5,let,unigram,8,0.181818,0.075139,0.536178,0.075139,0.463822,0.924861,0.461039,0.55334,0.488497,top
L5,classifiers,unigram,5,0.113636,0.009276,0.122449,0.009276,0.877551,0.990724,0.113173,0.55218,0.376623,top
L5,entropy,unigram,9,0.204545,0.105751,0.930427,0.105751,0.069573,0.894249,0.824675,0.549397,0.597495,top
L5,learn,unigram,5,0.113636,0.018553,0.617811,0.018553,0.382189,0.981447,0.599258,0.547542,0.519666,top
L6,vector,unigram,59,1.0,0.00291,0.860303,0.00291,0.139697,0.99709,0.857392,0.998545,0.956345,top
L6,meaning,unigram,22,0.372881,0.014552,0.922584,0.014552,0.077416,0.985448,0.908033,0.679165,0.717197,top
L6,embeddings,unigram,19,0.322034,0.004075,0.93248,0.004075,0.06752,0.995925,0.928405,0.65898,0.706113,top
L6,semantics,unigram,18,0.305085,0.003492,0.860885,0.003492,0.139115,0.996508,0.857392,0.650796,0.678204,top
L6,embedding,unigram,32,0.542373,0.321886,0.993015,0.321886,0.006985,0.678114,0.671129,0.610243,0.621722,top
L6,similarity,unigram,17,0.288136,0.080326,0.844005,0.080326,0.155995,0.919674,0.763679,0.603905,0.62026,top
L6,mean,unigram,12,0.20339,0.005239,0.366123,0.005239,0.633877,0.994761,0.360885,0.599076,0.48805,top
L6,similar,unigram,15,0.254237,0.08149,0.86787,0.08149,0.13213,0.91851,0.78638,0.586374,0.613162,top
L6,gram,unigram,10,0.169492,0.006985,0.837602,0.006985,0.162398,0.993015,0.830617,0.581253,0.614886,top
L6,semantic,unigram,10,0.169492,0.027357,0.934808,0.027357,0.065192,0.972643,0.907451,0.571067,0.631825,top
L6,language,unigram,6,0.101695,0.000582,0.605355,0.000582,0.394645,0.999418,0.604773,0.550556,0.521935,top
L6,relation,unigram,9,0.152542,0.062282,0.911525,0.062282,0.088475,0.937718,0.849243,0.54513,0.597105,top
L6,sens,unigram,7,0.118644,0.035506,0.194412,0.035506,0.805588,0.964494,0.158906,0.541569,0.384477,top
L6,negative,unigram,13,0.220339,0.150757,0.849243,0.150757,0.150757,0.849243,0.698487,0.534791,0.552455,top
L6,linguistic,unigram,5,0.084746,0.018626,0.298603,0.018626,0.701397,0.981374,0.279977,0.53306,0.412303,top
L6,see,unigram,4,0.067797,0.008731,0.477299,0.008731,0.522701,0.991269,0.468568,0.529533,0.46507,top
L6,synonymy,unigram,6,0.101695,0.045984,0.593132,0.045984,0.406868,0.954016,0.547148,0.527856,0.491027,top
L6,cat,unigram,3,0.050847,0.016298,0.658324,0.016298,0.341676,0.983702,0.642026,0.517275,0.508057,top
L6,processing,unigram,2,0.033898,0.001164,0.214203,0.001164,0.785797,0.998836,0.213038,0.516367,0.377122,top
L6,desiderata,unigram,3,0.050847,0.022701,0.210128,0.022701,0.789872,0.977299,0.187427,0.514073,0.369757,top
L7,neural,unigram,43,1.0,0.007398,0.856967,0.007398,0.143033,0.992602,0.849568,0.996301,0.952651,top
L7,language model,domain_phrase,31,0.72093,0.01233,0.845869,0.01233,0.154131,0.98767,0.833539,0.8543,0.834735,top
L7,network,unigram,28,0.651163,0.023428,0.982737,0.023428,0.017263,0.976572,0.959309,0.813867,0.84123,top
L7,neural language model,domain_phrase,27,0.627907,0.01233,0.844636,0.01233,0.155364,0.98767,0.832306,0.807788,0.797155,top
L7,unit,unigram,22,0.511628,0.024661,0.607891,0.024661,0.392109,0.975339,0.583231,0.743483,0.672222,top
L7,language,unigram,18,0.418605,0.001233,0.8582,0.001233,0.1418,0.998767,0.856967,0.708686,0.724162,top
L7,simple,unigram,18,0.418605,0.006165,0.853268,0.006165,0.146732,0.993835,0.847102,0.70622,0.719723,top
L7,networks,unigram,16,0.372093,0.008631,0.855734,0.008631,0.144266,0.991369,0.847102,0.681731,0.700379,top
L7,function,unigram,10,0.232558,0.048089,0.991369,0.048089,0.008631,0.951911,0.94328,0.592235,0.661581,top
L7,linear,unigram,9,0.209302,0.033292,0.506782,0.033292,0.493218,0.966708,0.47349,0.588005,0.51578,top
L7,activation,unigram,9,0.209302,0.046856,0.953144,0.046856,0.046856,0.953144,0.906289,0.581223,0.641551,top
L7,bias,unigram,8,0.186047,0.036991,0.425401,0.036991,0.574599,0.963009,0.388409,0.574528,0.479844,top
L7,logistic,unigram,8,0.186047,0.057953,0.787916,0.057953,0.212084,0.942047,0.729963,0.564047,0.576022,top
L7,xor,unigram,11,0.255814,0.128237,0.245376,0.128237,0.754624,0.871763,0.117139,0.563789,0.398996,top
L7,regression,unigram,8,0.186047,0.059186,0.789149,0.059186,0.210851,0.940814,0.729963,0.56343,0.575652,top
L7,non,unigram,6,0.139535,0.032059,0.505549,0.032059,0.494451,0.967941,0.47349,0.553738,0.488243,top
L7,compute,unigram,7,0.162791,0.064118,0.992602,0.064118,0.007398,0.935882,0.928483,0.549336,0.624426,top
L7,sigmoid,unigram,6,0.139535,0.054254,0.949445,0.054254,0.050555,0.945746,0.895191,0.54264,0.608095,top
L7,relu,unigram,8,0.186047,0.103576,0.951911,0.103576,0.048089,0.896424,0.848335,0.541235,0.597846,top
L7,weighted,unigram,4,0.093023,0.029593,0.811344,0.029593,0.188656,0.970407,0.781751,0.531715,0.562857,top
L8,tag,unigram,20,1.0,0.054054,0.962838,0.054054,0.037162,0.945946,0.908784,0.972973,0.956419,top
L8,tagging,unigram,14,0.7,0.018581,0.910473,0.018581,0.089527,0.981419,0.891892,0.840709,0.841993,top
L8,pos,unigram,14,0.7,0.050676,0.815878,0.050676,0.184122,0.949324,0.765203,0.824662,0.794358,top
L8,speech,unigram,13,0.65,0.011824,0.64527,0.011824,0.35473,0.988176,0.633446,0.819088,0.746486,top
L8,noun,unigram,12,0.6,0.067568,0.505068,0.067568,0.494932,0.932432,0.4375,0.766216,0.65098,top
L8,name,unigram,9,0.45,0.013514,0.741554,0.013514,0.258446,0.986486,0.728041,0.718243,0.694358,top
L8,verb,unigram,9,0.45,0.069257,0.525338,0.069257,0.474662,0.930743,0.456081,0.690372,0.596047,top
L8,class,unigram,7,0.35,0.048986,0.467905,0.048986,0.532095,0.951014,0.418919,0.650507,0.55098,top
L8,language,unigram,4,0.2,0.001689,0.993243,0.001689,0.006757,0.998311,0.991554,0.599155,0.676959,top
L8,entities,unigram,4,0.2,0.015203,0.658784,0.015203,0.341216,0.984797,0.643581,0.592399,0.568514,top
L8,labeling,unigram,3,0.15,0.010135,0.643581,0.010135,0.356419,0.989865,0.633446,0.569932,0.546993,top
L8,linguistic,unigram,3,0.15,0.025338,0.349662,0.025338,0.650338,0.974662,0.324324,0.562331,0.449696,top
L8,bce,unigram,3,0.15,0.032095,0.065878,0.032095,0.934122,0.967905,0.033784,0.558953,0.360507,top
L8,nlp,unigram,3,0.15,0.084459,1.0,0.084459,0.0,0.915541,0.915541,0.53277,0.609324,top
L8,closed,unigram,3,0.15,0.089527,0.146959,0.089527,0.853041,0.910473,0.057432,0.530236,0.350372,top
L8,grammatical,unigram,2,0.1,0.04223,0.108108,0.04223,0.891892,0.95777,0.065878,0.528885,0.347095,top
L8,category,unigram,2,0.1,0.043919,0.081081,0.043919,0.918919,0.956081,0.037162,0.528041,0.337973,top
L8,function,unigram,3,0.15,0.099662,0.150338,0.099662,0.849662,0.900338,0.050676,0.525169,0.345304,top
L8,natural,unigram,1,0.05,0.0,0.0,0.0,1.0,1.0,0.0,0.525,0.32,top
L8,processing,unigram,1,0.05,0.003378,0.003378,0.003378,0.996622,0.996622,0.0,0.523311,0.318986,top
L9,language,unigram,28,1.0,0.008371,0.994673,0.008371,0.005327,0.991629,0.986301,0.995814,0.993379,top
L9,english,unigram,25,0.892857,0.072298,0.990868,0.072298,0.009132,0.927702,0.918569,0.910279,0.911024,top
L9,translation,unigram,21,0.75,0.000761,0.838661,0.000761,0.161339,0.999239,0.8379,0.874619,0.851142,top
L9,translate,unigram,19,0.678571,0.016743,0.974125,0.016743,0.025875,0.983257,0.957382,0.830914,0.85362,top
L9,transfer,unigram,14,0.5,0.012177,0.998478,0.012177,0.001522,0.987823,0.986301,0.743912,0.792237,top
L9,direct,unigram,12,0.428571,0.013699,1.0,0.013699,0.0,0.986301,0.986301,0.707436,0.763209,top
L9,chinese,unigram,11,0.392857,0.032725,0.701674,0.032725,0.298326,0.967275,0.66895,0.680066,0.64801,top
L9,sentence,unigram,9,0.321429,0.070776,0.813546,0.070776,0.186454,0.929224,0.74277,0.625326,0.63017,top
L9,interlingua,unigram,7,0.25,0.012938,0.999239,0.012938,0.000761,0.987062,0.986301,0.618531,0.692009,top
L9,history,unigram,6,0.214286,0.00761,0.993912,0.00761,0.006088,0.99239,0.986301,0.603338,0.679322,top
L9,machine,unigram,5,0.178571,0.0,0.23516,0.0,0.76484,1.0,0.23516,0.589286,0.441977,top
L9,machine translation,domain_phrase,5,0.178571,0.0,0.258752,0.0,0.741248,1.0,0.258752,0.589286,0.449054,top
L9,divergences,unigram,5,0.178571,0.009893,0.996195,0.009893,0.003805,0.990107,0.986301,0.584339,0.664351,top
L9,human,unigram,7,0.25,0.114916,0.273973,0.114916,0.726027,0.885084,0.159056,0.567542,0.413242,top
L9,statistical,unigram,4,0.142857,0.015221,0.863775,0.015221,0.136225,0.984779,0.848554,0.563818,0.607143,top
L9,dan,unigram,3,0.107143,0.003044,0.433029,0.003044,0.566971,0.996956,0.429985,0.552049,0.470939,top
L9,bamboo,unigram,4,0.142857,0.040335,0.08828,0.040335,0.91172,0.959665,0.047945,0.551261,0.359426,top
L9,little,unigram,3,0.107143,0.006849,0.993151,0.006849,0.006849,0.993151,0.986301,0.550147,0.636693,top
L9,rain,unigram,4,0.142857,0.043379,0.096651,0.043379,0.903349,0.956621,0.053272,0.549739,0.360111,top
L9,similarities,unigram,3,0.107143,0.009132,0.995434,0.009132,0.004566,0.990868,0.986301,0.549005,0.636008,top
